{
  "expAB_z": 0.4574292,
  "i": 21.8029,
  "q_r": 0.09325319,
  "modelFlux_r": 1.375911,
  "expAB_i": 0.05142449,
  "expRad_u": 8.212939,
  "q_g": -0.7540629,
  "psfMag_z": 21.14856,
  "dec": -0.847050721459518,
  "psfMag_r": 22.25518
}
