{
  "expAB_z": 0.05,
  "i": 21.12602,
  "q_r": -0.1477907,
  "modelFlux_r": 0.9940208,
  "expAB_i": 0.9998013,
  "expRad_u": 0.02068875,
  "q_g": 0.1580913,
  "psfMag_z": 21.09358,
  "dec": 0.197066239885546,
  "psfMag_r": 22.43971
}
